{
    "1_8_1": 0.21530878,
    "1_4_0": 0.220138889,
    "1_4_1": 0.226519097,
    "1_2_0": 0.271614583,
    "1_2_1": 0.277994792,
    "2_4_1": 0.230750868,
    "2_2_0": 0.224153646,
    "2_2_1": 0.275195313,
    "4_2_1": 0.264908854
}