{
    "1_16_1": 0.214375,
    "1_8_0": 0.299107143,
    "1_8_1": 0.216517857,
    "1_4_0": 0.505555556,
    "1_4_1": 0.222660417,
    "1_2_0": 0.86149375,
    "1_2_1": 0.272153125,
    "2_8_1": 0.208482143,
    "2_4_0": 0.189566667,
    "2_4_1": 0.224122569,
    "2_2_0": 0.19699375,
    "2_2_1": 0.266765625,
    "4_4_1": 0.227439236,
    "4_2_0": 0.187001042,
    "4_2_1": 0.312235417,
    "8_2_1": 0.26348125
}