{
    "pp_deg_2": 0.49478721618652344,
    "pp_deg_4": 0.20493514835834503,
    "pp_deg_8": 0.3791312575340271,
    "pp_deg_16": 0.15734374523162842
}