{
    "layernum[6]_bsz2": 69.02671432495117,
    "layernum[12]_bsz2": 123.64290746053062,
    "layertype_0": 4.551349427964954
}