{
    "fwd_time_hidden_1024": 1.45833333,
    "fwd_time_hidden_1280": 2.29166666
}