{
    "fwd_time_hidden_1024": {
        "encoder": 1.45833333,
        "decoder": 2.70833333
    }
}