{
    "1_1_8": {
        "layernum[1]_bsz8_rank0_ms": 1421.78955078125,
        "layernum[1]_bsz8_rank0_act": 582.69384765625,
        "layernum[1]_bsz8_rank0_act_peak": 1480.18798828125,
        "layernum[1]_bsz8_rank7_ms": 1421.78955078125,
        "layernum[1]_bsz8_rank7_act": 582.69384765625,
        "layernum[1]_bsz8_rank7_act_peak": 1480.18798828125,
        "layernum[2]_bsz8_rank0_ms": 1808.3056640625,
        "layernum[2]_bsz8_rank0_act": 882.6044921875,
        "layernum[2]_bsz8_rank0_act_peak": 1683.5947265625,
        "layernum[2]_bsz8_rank7_ms": 1808.3056640625,
        "layernum[2]_bsz8_rank7_act": 882.6044921875,
        "layernum[2]_bsz8_rank7_act_peak": 1683.5947265625
    },
    "1_2_4": {
        "layernum[1]_bsz8_rank0_ms": 1421.80517578125,
        "layernum[1]_bsz8_rank0_act": 662.35400390625,
        "layernum[1]_bsz8_rank0_act_peak": 1559.84423828125,
        "layernum[1]_bsz8_rank7_ms": 1421.80517578125,
        "layernum[1]_bsz8_rank7_act": 662.35400390625,
        "layernum[1]_bsz8_rank7_act_peak": 1559.84423828125,
        "layernum[2]_bsz8_rank0_ms": 1808.3369140625,
        "layernum[2]_bsz8_rank0_act": 1027.1591796875,
        "layernum[2]_bsz8_rank0_act_peak": 1828.1416015625,
        "layernum[2]_bsz8_rank7_ms": 1808.3369140625,
        "layernum[2]_bsz8_rank7_act": 1027.1591796875,
        "layernum[2]_bsz8_rank7_act_peak": 1828.1416015625
    },
    "1_4_2": {
        "layernum[1]_bsz8_rank0_ms": 1421.83642578125,
        "layernum[1]_bsz8_rank0_act": 822.41650390625,
        "layernum[1]_bsz8_rank0_act_peak": 1719.89892578125,
        "layernum[1]_bsz8_rank7_ms": 1421.83642578125,
        "layernum[1]_bsz8_rank7_act": 822.41650390625,
        "layernum[1]_bsz8_rank7_act_peak": 1719.89892578125,
        "layernum[2]_bsz8_rank0_ms": 1808.3994140625,
        "layernum[2]_bsz8_rank0_act": 1314.7919921875,
        "layernum[2]_bsz8_rank0_act_peak": 2115.7587890625,
        "layernum[2]_bsz8_rank7_ms": 1808.3994140625,
        "layernum[2]_bsz8_rank7_act": 1314.7919921875,
        "layernum[2]_bsz8_rank7_act_peak": 2115.7587890625
    },
    "1_8_1": {
        "layernum[1]_bsz8_rank0_ms": 1421.89892578125,
        "layernum[1]_bsz8_rank0_act": 1143.04150390625,
        "layernum[1]_bsz8_rank0_act_peak": 2040.50830078125,
        "layernum[1]_bsz8_rank7_ms": 1421.89892578125,
        "layernum[1]_bsz8_rank7_act": 1143.04150390625,
        "layernum[1]_bsz8_rank7_act_peak": 2040.50830078125,
        "layernum[2]_bsz8_rank0_ms": 1808.5244140625,
        "layernum[2]_bsz8_rank0_act": 1891.9794921875,
        "layernum[2]_bsz8_rank0_act_peak": 2692.9150390625,
        "layernum[2]_bsz8_rank7_ms": 1808.5244140625,
        "layernum[2]_bsz8_rank7_act": 1891.9794921875,
        "layernum[2]_bsz8_rank7_act_peak": 2692.9150390625
    },
    "1_1_8_c": {
        "layernum[1]_bsz8_rank0_ms": 1421.78955078125,
        "layernum[1]_bsz8_rank0_act": 298.041015625,
        "layernum[1]_bsz8_rank0_act_peak": 1543.560546875,
        "layernum[1]_bsz8_rank7_ms": 1421.78955078125,
        "layernum[1]_bsz8_rank7_act": 298.041015625,
        "layernum[1]_bsz8_rank7_act_peak": 1543.560546875,
        "layernum[2]_bsz8_rank0_ms": 1808.6455078125,
        "layernum[2]_bsz8_rank0_act": 314.041015625,
        "layernum[2]_bsz8_rank0_act_peak": 1543.560546875,
        "layernum[2]_bsz8_rank7_ms": 1808.6455078125,
        "layernum[2]_bsz8_rank7_act": 314.041015625,
        "layernum[2]_bsz8_rank7_act_peak": 1543.560546875
    },
    "2_1_4": {
        "layernum[2]_bsz8_rank0_ms": 1821.80517578125,
        "layernum[2]_bsz8_rank0_act": 632.5791015625,
        "layernum[2]_bsz8_rank0_act_peak": 1546.07861328125,
        "layernum[2]_bsz8_rank7_ms": 1790.81298828125,
        "layernum[2]_bsz8_rank7_act": 1164.39892578125,
        "layernum[2]_bsz8_rank7_act_peak": 1752.86767578125
    },
    "2_2_2": {
        "layernum[2]_bsz8_rank0_ms": 1821.82861328125,
        "layernum[2]_bsz8_rank0_act": 792.6728515625,
        "layernum[2]_bsz8_rank0_act_peak": 1417.14111328125,
        "layernum[2]_bsz8_rank7_ms": 1790.82861328125,
        "layernum[2]_bsz8_rank7_act": 1324.73681640625,
        "layernum[2]_bsz8_rank7_act_peak": 1912.71728515625
    },
    "2_4_1": {
        "layernum[2]_bsz8_rank0_ms": 1821.87548828125,
        "layernum[2]_bsz8_rank0_act": 1112.8603515625,
        "layernum[2]_bsz8_rank0_act_peak": 1448.76611328125,
        "layernum[2]_bsz8_rank7_ms": 1790.85986328125,
        "layernum[2]_bsz8_rank7_act": 1644.92431640625,
        "layernum[2]_bsz8_rank7_act_peak": 2232.90478515625
    },
    "4_1_2": {
        "layernum[4]_bsz8_rank0_ms": 3624.87548828125,
        "layernum[4]_bsz8_rank0_act": 1265.1416015625,
        "layernum[4]_bsz8_rank0_act_peak": 1243.2666015625,
        "layernum[4]_bsz8_rank7_ms": 3560.90673828125,
        "layernum[4]_bsz8_rank7_act": 2329.28369140625,
        "layernum[4]_bsz8_rank7_act_peak": 2943.486328125
    },
    "4_2_1": {
        "layernum[4]_bsz8_rank0_ms": 3624.93798828125,
        "layernum[4]_bsz8_rank0_act": 1585.3291015625,
        "layernum[4]_bsz8_rank0_act_peak": 1392.5009765625,
        "layernum[4]_bsz8_rank7_ms": 3560.96923828125,
        "layernum[4]_bsz8_rank7_act": 2649.47119140625,
        "layernum[4]_bsz8_rank7_act_peak": 3263.658203125
    },
    "layertype_0": {
        "parameter_size": 773.2509765625,
        "tp_activation_per_bsz_dict": {
            "1": 299.91064453125,
            "2": 182.402587890625,
            "4": 123.0938720703125,
            "8": 93.61724853515625,
            "checkpoint": 16.0
        }
    },
    "other_memory_pp_off": {
        "model_states": 8282.0,
        "activation": 1180.27734375
    },
    "other_memory_pp_on_first": {
        "model_states": 4157.0,
        "activation": 16.374755859375
    },
    "other_memory_pp_on_last": {
        "model_states": 4029.0,
        "activation": 435.9609375
    }
}