{
    "pp_size_2": 7.65998,
    "pp_size_4": 8.02132,
    "pp_size_8": 8.76278,
    "pp_size_16": 8.13177
}