{
    "layernum[6]_bsz2": 63.300140380859375,
    "layernum[12]_bsz2": 119.02136306762694,
    "layertype_0": 4.6434352238972965
}