{
    "layernum[12]_bsz4": 41.484313583374025,
    "layernum[24]_bsz4": 70.19392623901368,
    "layertype_0": 0.5981169303258261
}