{
    "layernum[6]_bsz2": 83.93114852905275,
    "layernum[12]_bsz2": 139.4233337402344,
    "layertype_0": 4.6243487675984705
}