{
    "layernum[6]_bsz2": 43.418639373779286,
    "layernum[12]_bsz2": 68.19261474609375,
    "layertype_0": 2.0644979476928724
}