{
    "1_1_8": {
        "layernum[1]_bsz8_rank0_ms": 386.52294921875,
        "layernum[1]_bsz8_rank0_act": 165.1650390625,
        "layernum[1]_bsz8_rank0_act_peak": 434.123046875,
        "layernum[1]_bsz8_rank7_ms": 386.52294921875,
        "layernum[1]_bsz8_rank7_act": 165.1650390625,
        "layernum[1]_bsz8_rank7_act_peak": 434.123046875,
        "layernum[2]_bsz8_rank0_ms": 446.06689453125,
        "layernum[2]_bsz8_rank0_act": 223.36865234375,
        "layernum[2]_bsz8_rank0_act_peak": 477.66796875,
        "layernum[2]_bsz8_rank7_ms": 446.06689453125,
        "layernum[2]_bsz8_rank7_act": 223.36865234375,
        "layernum[2]_bsz8_rank7_act_peak": 477.66796875
    },
    "1_2_4": {
        "layernum[1]_bsz8_rank0_ms": 387.50244140625,
        "layernum[1]_bsz8_rank0_act": 179.7939453125,
        "layernum[1]_bsz8_rank0_act_peak": 448.74755859375,
        "layernum[1]_bsz8_rank7_ms": 387.49365234375,
        "layernum[1]_bsz8_rank7_act": 179.78466796875,
        "layernum[1]_bsz8_rank7_act_peak": 448.7412109375,
        "layernum[2]_bsz8_rank0_ms": 446.15478515625,
        "layernum[2]_bsz8_rank0_act": 253.77099609375,
        "layernum[2]_bsz8_rank0_act_peak": 508.0615234375,
        "layernum[2]_bsz8_rank7_ms": 446.13427734375,
        "layernum[2]_bsz8_rank7_act": 253.7587890625,
        "layernum[2]_bsz8_rank7_act_peak": 508.05517578125
    },
    "1_4_2": {
        "layernum[1]_bsz8_rank0_ms": 387.34423828125,
        "layernum[1]_bsz8_rank0_act": 211.06982421875,
        "layernum[1]_bsz8_rank0_act_peak": 480.17138671875,
        "layernum[1]_bsz8_rank7_ms": 387.306640625,
        "layernum[1]_bsz8_rank7_act": 211.076171875,
        "layernum[1]_bsz8_rank7_act_peak": 480.20263671875,
        "layernum[2]_bsz8_rank0_ms": 446.03369140625,
        "layernum[2]_bsz8_rank0_act": 315.8828125,
        "layernum[2]_bsz8_rank0_act_peak": 570.15478515625,
        "layernum[2]_bsz8_rank7_ms": 445.970703125,
        "layernum[2]_bsz8_rank7_act": 315.88916015625,
        "layernum[2]_bsz8_rank7_act_peak": 570.173828125
    },
    "1_8_1": {
        "layernum[1]_bsz8_rank0_ms": 386.64990234375,
        "layernum[1]_bsz8_rank0_act": 273.9296875,
        "layernum[1]_bsz8_rank0_act_peak": 542.85595703125,
        "layernum[1]_bsz8_rank7_ms": 386.60107421875,
        "layernum[1]_bsz8_rank7_act": 273.9296875,
        "layernum[1]_bsz8_rank7_act_peak": 542.8681640625,
        "layernum[2]_bsz8_rank0_ms": 445.41162109375,
        "layernum[2]_bsz8_rank0_act": 442.10986328125,
        "layernum[2]_bsz8_rank0_act_peak": 696.345703125,
        "layernum[2]_bsz8_rank7_ms": 445.31396484375,
        "layernum[2]_bsz8_rank7_act": 441.501953125,
        "layernum[2]_bsz8_rank7_act_peak": 695.76220703125
    },
    "1_1_8_c": {
        "layernum[1]_bsz8_rank0_ms": 386.52294921875,
        "layernum[1]_bsz8_rank0_act": 110.05419921875,
        "layernum[1]_bsz8_rank0_act_peak": 429.494140625,
        "layernum[1]_bsz8_rank7_ms": 386.52294921875,
        "layernum[1]_bsz8_rank7_act": 110.05419921875,
        "layernum[1]_bsz8_rank7_act_peak": 429.494140625,
        "layernum[2]_bsz8_rank0_ms": 445.8564453125,
        "layernum[2]_bsz8_rank0_act": 113.67333984375,
        "layernum[2]_bsz8_rank0_act_peak": 429.494140625,
        "layernum[2]_bsz8_rank7_ms": 445.8564453125,
        "layernum[2]_bsz8_rank7_act": 113.67333984375,
        "layernum[2]_bsz8_rank7_act_peak": 429.494140625
    },
    "1_2_4_c": {
        "layernum[1]_bsz8_rank0_ms": 386.54052734375,
        "layernum[1]_bsz8_rank0_act": 112.24169921875,
        "layernum[1]_bsz8_rank0_act_peak": 429.494140625,
        "layernum[1]_bsz8_rank7_ms": 386.52880859375,
        "layernum[1]_bsz8_rank7_act": 112.24169921875,
        "layernum[1]_bsz8_rank7_act_peak": 429.494140625,
        "layernum[2]_bsz8_rank0_ms": 446.15478515625,
        "layernum[2]_bsz8_rank0_act": 119.47412109375,
        "layernum[2]_bsz8_rank0_act_peak": 430.40576171875,
        "layernum[2]_bsz8_rank7_ms": 447.07177734375,
        "layernum[2]_bsz8_rank7_act": 118.5302734375,
        "layernum[2]_bsz8_rank7_act_peak": 429.53271484375
    },
    "1_4_2_c": {
        "layernum[1]_bsz8_rank0_ms": 387.34423828125,
        "layernum[1]_bsz8_rank0_act": 118.49169921875,
        "layernum[1]_bsz8_rank0_act_peak": 429.494140625,
        "layernum[1]_bsz8_rank7_ms": 387.306640625,
        "layernum[1]_bsz8_rank7_act": 118.49169921875,
        "layernum[1]_bsz8_rank7_act_peak": 429.494140625,
        "layernum[2]_bsz8_rank0_ms": 446.03369140625,
        "layernum[2]_bsz8_rank0_act": 131.33447265625,
        "layernum[2]_bsz8_rank0_act_peak": 429.494140625,
        "layernum[2]_bsz8_rank7_ms": 445.970703125,
        "layernum[2]_bsz8_rank7_act": 131.34716796875,
        "layernum[2]_bsz8_rank7_act_peak": 429.69921875
    },
    "1_8_1_c": {
        "layernum[1]_bsz8_rank0_ms": 386.64990234375,
        "layernum[1]_bsz8_rank0_act": 131.92919921875,
        "layernum[1]_bsz8_rank0_act_peak": 429.494140625,
        "layernum[1]_bsz8_rank7_ms": 386.60107421875,
        "layernum[1]_bsz8_rank7_act": 131.92919921875,
        "layernum[1]_bsz8_rank7_act_peak": 429.494140625,
        "layernum[2]_bsz8_rank0_ms": 445.41162109375,
        "layernum[2]_bsz8_rank0_act": 156.92919921875,
        "layernum[2]_bsz8_rank0_act_peak": 429.494140625,
        "layernum[2]_bsz8_rank7_ms": 445.31396484375,
        "layernum[2]_bsz8_rank7_act": 156.92919921875,
        "layernum[2]_bsz8_rank7_act_peak": 429.494140625
    },
    "2_1_4": {
        "layernum[2]_bsz8_rank0_ms": 447.21240234375,
        "layernum[2]_bsz8_rank0_act": 123.15673828125,
        "layernum[2]_bsz8_rank0_act_peak": 433.15869140625,
        "layernum[2]_bsz8_rank7_ms": 454.78466796875,
        "layernum[2]_bsz8_rank7_act": 333.822265625,
        "layernum[2]_bsz8_rank7_act_peak": 577.5048828125
    },
    "2_2_2": {
        "layernum[2]_bsz8_rank0_ms": 447.240234375,
        "layernum[2]_bsz8_rank0_act": 160.08642578125,
        "layernum[2]_bsz8_rank0_act_peak": 415.63232421875,
        "layernum[2]_bsz8_rank7_ms": 466.66552734375,
        "layernum[2]_bsz8_rank7_act": 372.744140625,
        "layernum[2]_bsz8_rank7_act_peak": 616.4267578125
    },
    "2_4_1": {
        "layernum[2]_bsz8_rank0_ms": 447.29443359375,
        "layernum[2]_bsz8_rank0_act": 235.7587890625,
        "layernum[2]_bsz8_rank0_act_peak": 426.66845703125,
        "layernum[2]_bsz8_rank7_ms": 491.68994140625,
        "layernum[2]_bsz8_rank7_act": 447.673828125,
        "layernum[2]_bsz8_rank7_act_peak": 691.3564453125
    },
    "4_1_2": {
        "layernum[4]_bsz8_rank0_ms": 876.806640625,
        "layernum[4]_bsz8_rank0_act": 244.07080078125,
        "layernum[4]_bsz8_rank0_act_peak": 338.0576171875,
        "layernum[4]_bsz8_rank7_ms": 890.58740234375,
        "layernum[4]_bsz8_rank7_act": 668.26708984375,
        "layernum[4]_bsz8_rank7_act_peak": 1002.37255859375
    },
    "4_2_1": {
        "layernum[4]_bsz8_rank0_ms": 877.41455078125,
        "layernum[4]_bsz8_rank0_act": 319.16455078125,
        "layernum[4]_bsz8_rank0_act_peak": 333.79443359375,
        "layernum[4]_bsz8_rank7_ms": 915.61083984375,
        "layernum[4]_bsz8_rank7_act": 743.47119140625,
        "layernum[4]_bsz8_rank7_act_peak": 1077.57080078125
    },
    "layertype_0": {
        "parameter_size": 119.087890625,
        "tp_activation_per_bsz_dict": {
            "1": 58.20361328125,
            "2": 36.988525390625,
            "4": 26.2032470703125,
            "8": 21.02252197265625,
            "checkpoint": 3.619140625
        }
    },
    "other_memory_pp_off": {
        "model_states": 2615.0,
        "activation": 374.67578125
    },
    "other_memory_pp_on_first": {
        "model_states": 1277.0,
        "activation": 9.4715576171875
    },
    "other_memory_pp_on_last": {
        "model_states": 1304.0,
        "activation": 192.3895263671875
    }
}