{
    "1_1_8": {
        "layernum[1]_bsz8_rank0_ms": 668.56982421875,
        "layernum[1]_bsz8_rank0_act": 391.638671875,
        "layernum[1]_bsz8_rank0_act_peak": 767.50830078125,
        "layernum[1]_bsz8_rank7_ms": 668.56982421875,
        "layernum[1]_bsz8_rank7_act": 391.638671875,
        "layernum[1]_bsz8_rank7_act_peak": 767.50830078125,
        "layernum[2]_bsz8_rank0_ms": 819.1181640625,
        "layernum[2]_bsz8_rank0_act": 561.92041015625,
        "layernum[2]_bsz8_rank0_act_peak": 899.7900390625,
        "layernum[2]_bsz8_rank7_ms": 818.63427734375,
        "layernum[2]_bsz8_rank7_act": 562.4462890625,
        "layernum[2]_bsz8_rank7_act_peak": 900.7998046875
    },
    "1_2_4": {
        "layernum[1]_bsz8_rank0_ms": 668.591796875,
        "layernum[1]_bsz8_rank0_act": 442.06689453125,
        "layernum[1]_bsz8_rank0_act_peak": 817.9365234375,
        "layernum[1]_bsz8_rank7_ms": 668.5771484375,
        "layernum[1]_bsz8_rank7_act": 442.05224609375,
        "layernum[1]_bsz8_rank7_act_peak": 817.921875,
        "layernum[2]_bsz8_rank0_ms": 818.685546875,
        "layernum[2]_bsz8_rank0_act": 662.4853515625,
        "layernum[2]_bsz8_rank0_act_peak": 1000.83154296875,
        "layernum[2]_bsz8_rank7_ms": 819.1328125,
        "layernum[2]_bsz8_rank7_act": 663.490234375,
        "layernum[2]_bsz8_rank7_act_peak": 1001.35986328125
    },
    "1_4_2": {
        "layernum[1]_bsz8_rank0_ms": 668.64697265625,
        "layernum[1]_bsz8_rank0_act": 541.732421875,
        "layernum[1]_bsz8_rank0_act_peak": 917.60205078125,
        "layernum[1]_bsz8_rank7_ms": 668.64697265625,
        "layernum[1]_bsz8_rank7_act": 541.732421875,
        "layernum[1]_bsz8_rank7_act_peak": 917.60205078125,
        "layernum[2]_bsz8_rank0_ms": 818.7880859375,
        "layernum[2]_bsz8_rank0_act": 862.79541015625,
        "layernum[2]_bsz8_rank0_act_peak": 1201.126953125,
        "layernum[2]_bsz8_rank7_ms": 818.7197265625,
        "layernum[2]_bsz8_rank7_act": 862.82470703125,
        "layernum[2]_bsz8_rank7_act_peak": 1201.166015625
    },
    "1_8_1": {
        "layernum[1]_bsz8_rank0_ms": 668.7236328125,
        "layernum[1]_bsz8_rank0_act": 742.857421875,
        "layernum[1]_bsz8_rank0_act_peak": 1118.72705078125,
        "layernum[1]_bsz8_rank7_ms": 668.6650390625,
        "layernum[1]_bsz8_rank7_act": 742.857421875,
        "layernum[1]_bsz8_rank7_act_peak": 1118.72705078125,
        "layernum[2]_bsz8_rank0_ms": 819.42578125,
        "layernum[2]_bsz8_rank0_act": 1263.35791015625,
        "layernum[2]_bsz8_rank0_act_peak": 1601.2275390625,
        "layernum[2]_bsz8_rank7_ms": 819.30859375,
        "layernum[2]_bsz8_rank7_act": 1263.35791015625,
        "layernum[2]_bsz8_rank7_act_peak": 1601.2275390625
    },
    "1_1_8_c": {
        "layernum[1]_bsz8_rank0_ms": 668.56982421875,
        "layernum[1]_bsz8_rank0_act": 231.35693359375,
        "layernum[1]_bsz8_rank0_act_peak": 703.39697265625,
        "layernum[1]_bsz8_rank7_ms": 668.56982421875,
        "layernum[1]_bsz8_rank7_act": 231.35693359375,
        "layernum[1]_bsz8_rank7_act_peak": 703.39697265625,
        "layernum[2]_bsz8_rank0_ms": 819.16015625,
        "layernum[2]_bsz8_rank0_act": 241.35693359375,
        "layernum[2]_bsz8_rank0_act_peak": 703.39697265625,
        "layernum[2]_bsz8_rank7_ms": 819.64404296875,
        "layernum[2]_bsz8_rank7_act": 241.35693359375,
        "layernum[2]_bsz8_rank7_act_peak": 703.39697265625
    },
    "1_2_4_c": {
        "layernum[1]_bsz8_rank0_ms": 668.591796875,
        "layernum[1]_bsz8_rank0_act": 241.50732421875,
        "layernum[1]_bsz8_rank0_act_peak": 703.39697265625,
        "layernum[1]_bsz8_rank7_ms": 668.5771484375,
        "layernum[1]_bsz8_rank7_act": 241.51708984375,
        "layernum[1]_bsz8_rank7_act_peak": 703.39697265625,
        "layernum[2]_bsz8_rank0_ms": 819.66455078125,
        "layernum[2]_bsz8_rank0_act": 261.35693359375,
        "layernum[2]_bsz8_rank0_act_peak": 703.39697265625,
        "layernum[2]_bsz8_rank7_ms": 819.64013671875,
        "layernum[2]_bsz8_rank7_act": 261.35693359375,
        "layernum[2]_bsz8_rank7_act_peak": 703.39697265625
    },
    "1_4_2_c": {
        "layernum[1]_bsz8_rank0_ms": 668.6357421875,
        "layernum[1]_bsz8_rank0_act": 261.35693359375,
        "layernum[1]_bsz8_rank0_act_peak": 728.435546875,
        "layernum[1]_bsz8_rank7_ms": 668.6064453125,
        "layernum[1]_bsz8_rank7_act": 261.35693359375,
        "layernum[1]_bsz8_rank7_act_peak": 728.4208984375,
        "layernum[2]_bsz8_rank0_ms": 819.25,
        "layernum[2]_bsz8_rank0_act": 301.642578125,
        "layernum[2]_bsz8_rank0_act_peak": 728.435546875,
        "layernum[2]_bsz8_rank7_ms": 819.19140625,
        "layernum[2]_bsz8_rank7_act": 301.7109375,
        "layernum[2]_bsz8_rank7_act_peak": 728.4208984375
    },
    "1_8_1_c": {
        "layernum[1]_bsz8_rank0_ms": 668.7236328125,
        "layernum[1]_bsz8_rank0_act": 301.35693359375,
        "layernum[1]_bsz8_rank0_act_peak": 1094.30126953125,
        "layernum[1]_bsz8_rank7_ms": 668.6650390625,
        "layernum[1]_bsz8_rank7_act": 301.35693359375,
        "layernum[1]_bsz8_rank7_act_peak": 1093.29150390625,
        "layernum[2]_bsz8_rank0_ms": 819.42578125,
        "layernum[2]_bsz8_rank0_act": 381.35693359375,
        "layernum[2]_bsz8_rank0_act_peak": 1094.30126953125,
        "layernum[2]_bsz8_rank7_ms": 819.30859375,
        "layernum[2]_bsz8_rank7_act": 381.35693359375,
        "layernum[2]_bsz8_rank7_act_peak": 1093.29150390625
    },
    "2_1_4": {
        "layernum[2]_bsz8_rank0_ms": 828.77197265625,
        "layernum[2]_bsz8_rank0_act": 360.57861328125,
        "layernum[2]_bsz8_rank0_act_peak": 753.521484375,
        "layernum[2]_bsz8_rank7_ms": 849.15576171875,
        "layernum[2]_bsz8_rank7_act": 803.083984375,
        "layernum[2]_bsz8_rank7_act_peak": 1243.126953125
    },
    "2_2_2": {
        "layernum[2]_bsz8_rank0_ms": 828.81591796875,
        "layernum[2]_bsz8_rank0_act": 480.67236328125,
        "layernum[2]_bsz8_rank0_act_peak": 718.56689453125,
        "layernum[2]_bsz8_rank7_ms": 889.16552734375,
        "layernum[2]_bsz8_rank7_act": 923.177734375,
        "layernum[2]_bsz8_rank7_act_peak": 1363.220703125
    },
    "2_4_1": {
        "layernum[2]_bsz8_rank0_ms": 828.90380859375,
        "layernum[2]_bsz8_rank0_act": 720.85986328125,
        "layernum[2]_bsz8_rank0_act_peak": 761.18359375,
        "layernum[2]_bsz8_rank7_ms": 969.20458984375,
        "layernum[2]_bsz8_rank7_act": 1163.365234375,
        "layernum[2]_bsz8_rank7_act_peak": 1603.408203125
    },
    "4_1_2": {
        "layernum[4]_bsz8_rank0_ms": 1639.357421875,
        "layernum[4]_bsz8_rank0_act": 721.14111328125,
        "layernum[4]_bsz8_rank0_act_peak": 719.27099609375,
        "layernum[4]_bsz8_rank7_ms": 1679.14697265625,
        "layernum[4]_bsz8_rank7_act": 1606.16552734375,
        "layernum[4]_bsz8_rank7_act_peak": 2242.318359375
    },
    "4_2_1": {
        "layernum[4]_bsz8_rank0_ms": 1639.474609375,
        "layernum[4]_bsz8_rank0_act": 961.32861328125,
        "layernum[4]_bsz8_rank0_act_peak": 899.474609375,
        "layernum[4]_bsz8_rank7_ms": 1759.43603515625,
        "layernum[4]_bsz8_rank7_act": 1846.35302734375,
        "layernum[4]_bsz8_rank7_act_peak": 2482.49609375
    },
    "layertype_0": {
        "parameter_size": 301.404296875,
        "tp_activation_per_bsz_dict": {
            "1": 170.28173828125,
            "2": 110.209228515625,
            "4": 80.2657470703125,
            "8": 65.06256103515625,
            "checkpoint": 10.0714111328125
        }
    },
    "other_memory_pp_off": {
        "model_states": 4144.0,
        "activation": 596.5390625
    },
    "other_memory_pp_on_first": {
        "model_states": 2074.0,
        "activation": 10.0035400390625
    },
    "other_memory_pp_on_last": {
        "model_states": 2153.0,
        "activation": 390.2978515625
    }
}